City_ID,City,Country,Date,Lat,Lng,Max Temp,Humidity,Cloudiness,Wind Speed
0,Mount Isa,AU,2022-09-27 18:35:05,-20.7333,139.5,64.17,72,100,13.8
1,Kapaa,US,2022-09-27 18:35:05,22.0752,-159.319,80.92,80,75,10.36
2,Provideniya,RU,2022-09-27 18:30:26,64.3833,-173.3,36.9,85,96,8.37
3,Chernyshevsk,RU,2022-09-27 18:35:06,52.5243,117.0174,31.69,60,84,4.12
4,Saint-Philippe,RE,2022-09-27 18:35:07,-21.3585,55.7679,71.19,75,43,11.01
5,Tiksi,RU,2022-09-27 18:35:07,71.6872,128.8694,32.05,92,100,20.94
6,Hobart,AU,2022-09-27 18:32:51,-42.8794,147.3294,50.25,95,75,0.0
7,Astoria,US,2022-09-27 18:30:59,46.1879,-123.8313,56.55,96,100,3.44
8,Half Moon Bay,US,2022-09-27 18:35:08,37.4636,-122.4286,73.45,74,20,14.97
9,Lebu,CL,2022-09-27 18:35:08,-37.6167,-73.65,53.13,70,0,20.24
10,Sibolga,ID,2022-09-27 18:35:09,1.7427,98.7792,75.29,88,100,2.13
11,San Policarpo,PH,2022-09-27 18:35:10,12.1791,125.5072,78.69,85,100,3.6
12,Kasama,ZM,2022-09-27 18:35:10,-10.2129,31.1808,74.39,31,52,8.1
13,Blackburn,GB,2022-09-27 18:35:11,53.75,-2.4833,52.36,87,11,6.91
14,Ushuaia,AR,2022-09-27 18:35:11,-54.8,-68.3,53.22,66,40,40.29
15,New Norfolk,AU,2022-09-27 18:35:12,-42.7826,147.0587,49.91,85,100,0.6
16,Port Alfred,ZA,2022-09-27 18:35:14,-33.5906,26.891,63.18,99,100,8.01
17,Port Hardy,CA,2022-09-27 18:30:37,50.6996,-127.4199,55.58,100,100,2.3
18,Bambous Virieux,MU,2022-09-27 18:35:15,-20.3428,57.7575,71.85,60,75,10.36
19,Uruzgan,AF,2022-09-27 18:35:15,32.8333,66.0,64.85,12,0,1.59
20,Albany,US,2022-09-27 18:33:14,42.6001,-73.9662,64.94,69,68,8.03
21,Grand Gaube,MU,2022-09-27 18:35:16,-20.0064,57.6608,72.0,66,89,7.0
22,Busselton,AU,2022-09-27 18:35:16,-33.65,115.3333,50.13,88,4,9.31
23,Fukue,JP,2022-09-27 18:35:16,32.6881,128.8419,73.36,75,49,21.12
24,Kungurtug,RU,2022-09-27 18:35:17,50.5994,97.5228,49.01,75,100,6.24
25,Bluff,NZ,2022-09-27 18:35:17,-46.6,168.3333,49.8,92,97,4.29
26,Vaini,TO,2022-09-27 18:35:19,-21.2,-175.2,66.36,94,20,14.14
27,Plouzane,FR,2022-09-27 18:35:19,48.3833,-4.6167,59.32,97,100,19.57
28,Cape Town,ZA,2022-09-27 18:35:19,-33.9258,18.4232,61.12,70,0,8.05
29,Uray,RU,2022-09-27 18:35:20,60.1247,64.7758,26.64,83,72,6.78
30,Elizabethton,US,2022-09-27 18:35:21,36.3487,-82.2107,67.96,38,0,9.22
31,Braco Do Norte,BR,2022-09-27 18:35:21,-28.275,-49.1656,73.02,59,100,5.73
32,Kodiak,US,2022-09-27 18:35:22,57.79,-152.4072,38.71,93,100,0.0
33,Punta Arenas,CL,2022-09-27 18:30:34,-53.15,-70.9167,51.91,58,75,28.77
34,Dikson,RU,2022-09-27 18:33:09,73.5069,80.5464,31.24,66,100,4.34
35,Vardo,NO,2022-09-27 18:35:23,70.3705,31.1107,46.38,87,75,10.36
36,Altay,CN,2022-09-27 18:35:24,47.8667,88.1167,48.85,77,100,1.01
37,Mount Gambier,AU,2022-09-27 18:35:25,-37.8333,140.7667,51.87,77,100,8.39
38,Touros,BR,2022-09-27 18:32:38,-5.1989,-35.4608,81.05,59,11,19.71
39,Korla,CN,2022-09-27 18:35:25,41.7597,86.1469,68.65,24,0,2.84
40,Rikitea,PF,2022-09-27 18:34:36,-23.1203,-134.9692,68.9,59,100,9.08
41,Puri,IN,2022-09-27 18:35:26,19.8,85.85,81.12,78,95,3.96
42,Boueni,YT,2022-09-27 18:35:26,-12.9025,45.0761,76.98,77,0,7.07
43,Huzhou,CN,2022-09-27 18:36:26,30.8703,120.0933,68.32,81,100,4.76
44,Port Elizabeth,ZA,2022-09-27 18:36:27,-33.918,25.5701,66.09,99,100,18.41
45,Senador Jose Porfirio,BR,2022-09-27 18:36:27,-2.5908,-51.9542,90.39,48,64,2.01
46,Galiakot,IN,2022-09-27 18:36:28,23.5167,74.0,80.56,66,40,5.32
47,Carnarvon,AU,2022-09-27 18:36:28,-24.8667,113.6333,67.1,46,0,12.3
48,Feijo,BR,2022-09-27 18:36:28,-8.1642,-70.3536,100.08,27,64,3.53
49,Alofi,NU,2022-09-27 18:36:29,-19.0595,-169.9187,73.29,94,16,2.3
50,Lagoa,PT,2022-09-27 18:36:29,39.05,-27.9833,69.66,65,57,19.55
51,Bengkulu,ID,2022-09-27 18:36:30,-3.8004,102.2655,75.78,87,100,1.39
52,Thompson,CA,2022-09-27 18:36:30,55.7435,-97.8558,53.76,50,75,6.91
53,Upernavik,GL,2022-09-27 18:36:30,72.7868,-56.1549,35.83,97,100,7.85
54,Antofagasta,CL,2022-09-27 18:33:22,-23.65,-70.4,60.08,67,6,8.9
55,Castro,BR,2022-09-27 18:36:31,-24.7911,-50.0119,63.3,91,100,2.71
56,Leningradskiy,RU,2022-09-27 18:36:31,69.3833,178.4167,26.35,91,100,2.19
57,Yulara,AU,2022-09-27 18:36:32,-25.2406,130.9889,56.16,76,0,10.09
58,Kahului,US,2022-09-27 18:36:33,20.8947,-156.47,84.22,65,40,11.5
59,Butaritari,KI,2022-09-27 18:36:33,3.0707,172.7902,82.38,73,11,17.92
60,Erenhot,CN,2022-09-27 18:36:33,43.6475,111.9767,65.17,30,23,11.54
61,Dingle,PH,2022-09-27 18:36:34,10.9995,122.6711,75.04,94,100,4.72
62,Yeppoon,AU,2022-09-27 18:36:34,-23.1333,150.7333,65.98,81,89,3.11
63,Palmer,US,2022-09-27 18:35:49,42.1584,-72.3287,71.62,50,20,13.8
64,Anqing,CN,2022-09-27 18:36:34,30.5092,117.0506,69.78,81,99,4.5
65,Murdochville,CA,2022-09-27 18:36:35,48.9583,-65.5006,58.8,63,100,10.02
66,Qaanaaq,GL,2022-09-27 18:36:35,77.484,-69.3632,32.92,99,100,3.62
67,Matay,EG,2022-09-27 18:36:36,28.419,30.7792,89.55,28,0,8.81
68,Atasu,KZ,2022-09-27 18:36:36,48.6814,71.6433,50.74,50,100,9.55
69,Waingapu,ID,2022-09-27 18:36:36,-9.6567,120.2641,77.04,80,76,0.11
70,Kavaratti,IN,2022-09-27 18:36:36,10.5669,72.642,82.04,73,95,14.85
71,Faya,SA,2022-09-27 18:36:37,18.3851,42.4509,70.32,28,1,6.26
72,Nanakuli,US,2022-09-27 18:36:37,21.3906,-158.1547,82.45,65,0,5.75
73,Mataura,NZ,2022-09-27 18:36:38,-46.1927,168.8643,49.48,98,67,2.75
74,Camaqua,BR,2022-09-27 18:34:34,-30.8511,-51.8122,70.29,60,6,10.09
75,Prado,BR,2022-09-27 18:36:38,-17.3411,-39.2208,77.27,72,0,10.07
76,Jumla,NP,2022-09-27 18:36:38,29.2747,82.1838,53.71,90,1,4.18
77,Tuatapere,NZ,2022-09-27 18:36:39,-46.1333,167.6833,48.11,91,24,3.53
78,Hithadhoo,MV,2022-09-27 18:36:39,-0.6,73.0833,81.75,74,100,12.28
79,Bredasdorp,ZA,2022-09-27 18:36:39,-34.5322,20.0403,53.91,91,4,3.62
80,Lata,PT,2022-09-27 18:36:40,40.1629,-8.3327,63.91,88,4,4.88
81,Santa Cruz,BO,2022-09-27 18:33:34,-17.8,-63.1667,78.85,89,75,36.82
82,Atuona,PF,2022-09-27 18:36:40,-9.8,-139.0333,77.09,70,0,19.26
83,Chuy,UY,2022-09-27 18:36:41,-33.6971,-53.4616,63.91,64,15,12.73
84,Petropavlovsk-Kamchatskiy,RU,2022-09-27 18:31:53,53.0452,158.6483,41.59,100,75,2.24
85,Tuktoyaktuk,CA,2022-09-27 18:37:42,69.4541,-133.0374,32.0,100,100,23.02
86,Bereda,ES,2022-09-27 18:37:43,43.2686,-7.5406,63.41,80,99,3.22
87,Saint-Pierre,RE,2022-09-27 18:37:43,-21.3393,55.4781,71.28,64,75,11.5
88,Cockburn Town,TC,2022-09-27 18:37:44,21.4612,-71.1419,82.85,77,83,16.37
89,Falavarjan,IR,2022-09-27 18:37:44,32.5553,51.5097,72.61,10,0,6.08
90,Akureyri,IS,2022-09-27 18:37:44,65.6835,-18.0878,42.73,61,75,2.3
91,Jamestown,US,2022-09-27 18:37:45,42.097,-79.2353,55.53,92,100,11.5
92,Cividale Del Friuli,IT,2022-09-27 18:37:45,46.0931,13.4275,57.81,86,79,7.11
93,Alyangula,AU,2022-09-27 18:37:45,-13.8483,136.4192,79.92,84,96,7.36
94,Eyl,SO,2022-09-27 18:37:46,7.9803,49.8164,78.58,79,99,19.1
95,Lompoc,US,2022-09-27 18:34:09,34.6391,-120.4579,61.21,94,100,11.5
96,Richards Bay,ZA,2022-09-27 18:37:46,-28.783,32.0377,70.74,95,0,4.97
97,Sisimiut,GL,2022-09-27 18:37:46,66.9395,-53.6735,42.28,91,98,6.13
98,Wasilla,US,2022-09-27 18:37:47,61.5814,-149.4394,46.06,88,100,4.61
99,Nikolskoye,RU,2022-09-27 18:37:47,59.7035,30.7861,49.91,95,16,4.34
100,Matara,LK,2022-09-27 18:37:48,5.9485,80.5353,78.46,86,100,10.51
101,Gobabis,NA,2022-09-27 18:37:48,-22.45,18.9667,79.97,22,90,8.48
102,Ponta Do Sol,PT,2022-09-27 18:37:49,32.6667,-17.1,73.0,73,100,9.13
103,Shimoda,JP,2022-09-27 18:37:49,34.6667,138.95,68.11,77,15,14.85
104,Narsaq,GL,2022-09-27 18:37:49,60.9167,-46.05,44.82,92,100,3.8
105,Florianopolis,BR,2022-09-27 18:37:50,-27.6146,-48.5012,71.55,55,75,11.5
106,Anchorage,US,2022-09-27 18:37:50,61.2181,-149.9003,47.98,86,40,6.91
107,Chokurdakh,RU,2022-09-27 18:37:50,70.6333,147.9167,22.01,89,100,7.4
108,Poindimie,NC,2022-09-27 18:37:51,-20.9333,165.3333,74.86,81,86,8.08
109,Nadym,RU,2022-09-27 18:37:51,65.5333,72.5167,26.6,85,73,9.82
110,Hilo,US,2022-09-27 18:35:43,19.7297,-155.09,81.28,67,40,4.61
111,Victoria,HK,2022-09-27 18:34:33,22.2855,114.1577,84.38,79,100,13.0
112,Mercedes,AR,2022-09-27 18:37:51,-34.6515,-59.4307,80.78,21,8,13.06
113,Tessalit,ML,2022-09-27 18:37:52,20.1986,1.0114,98.35,11,65,5.82
114,Esperance,AU,2022-09-27 18:37:52,-33.8667,121.9,50.49,84,0,10.11
115,Puerto Ayora,EC,2022-09-27 18:37:52,-0.7393,-90.3518,75.16,87,79,5.99
116,Cidreira,BR,2022-09-27 18:37:53,-30.1811,-50.2056,67.08,69,100,13.78
117,Egvekinot,RU,2022-09-27 18:35:19,66.3167,-179.1667,26.91,81,100,12.1
118,Torit,SS,2022-09-27 18:37:53,4.4133,32.5678,78.3,59,93,3.06
119,Aklavik,CA,2022-09-27 18:37:54,68.2191,-135.0107,32.4,99,100,18.77
120,Port Hedland,AU,2022-09-27 18:37:54,-20.3167,118.5667,62.65,77,77,8.05
121,Ribeira Grande,PT,2022-09-27 18:37:54,38.5167,-28.7,72.0,64,40,17.27
122,Severodvinsk,RU,2022-09-27 18:37:55,64.5635,39.8302,42.91,90,61,7.58
123,Klaksvik,FO,2022-09-27 18:37:55,62.2266,-6.589,47.32,92,72,17.25
124,Alanya,TR,2022-09-27 18:37:55,36.5438,31.9998,75.33,59,2,2.71
125,Fushun,CN,2022-09-27 18:36:16,41.8558,123.9233,58.71,82,0,5.91
126,Barentu,ER,2022-09-27 18:37:56,15.1139,37.5928,80.29,49,6,3.74
127,Svetlogorsk,BY,2022-09-27 18:37:56,52.6333,29.7333,48.31,95,98,6.71
128,Ballina,AU,2022-09-27 18:37:57,-28.8667,153.5667,63.01,96,100,11.05
129,Bogorodskoye,RU,2022-09-27 18:37:57,56.55,37.8833,45.27,78,96,6.31
130,Monroe,US,2022-09-27 18:35:14,43.1501,-77.6831,64.8,76,75,13.8
131,Mahebourg,MU,2022-09-27 18:37:57,-20.4081,57.7,71.89,60,75,10.36
132,Sao Joao Da Barra,BR,2022-09-27 18:38:58,-21.6403,-41.0511,78.89,89,100,13.67
133,Washington,US,2022-09-27 18:35:13,47.5001,-120.5015,80.15,23,0,3.98
134,Hillsboro,US,2022-09-27 18:34:14,45.5229,-122.9898,77.43,64,0,1.01
135,Barrow,US,2022-09-27 18:39:01,71.2906,-156.7887,28.42,86,100,5.75
136,Faanui,PF,2022-09-27 18:39:01,-16.4833,-151.75,77.86,75,2,14.38
137,Northam,GB,2022-09-27 18:39:02,51.0333,-4.2167,54.61,85,100,14.9
138,Kisber,HU,2022-09-27 18:39:02,47.5029,18.0367,53.26,87,100,7.87
139,Dafeng,CN,2022-09-27 18:39:03,23.4517,108.5881,78.89,62,99,4.52
140,Gravdal,NO,2022-09-27 18:39:04,68.1214,13.5031,49.89,62,0,6.91
141,Adrar,MR,2022-09-27 18:39:04,20.5022,-10.0711,100.49,14,92,7.31
142,Saldanha,ZA,2022-09-27 18:39:05,-33.0117,17.9442,55.45,87,1,6.89
143,Belaya Gora,RU,2022-09-27 18:39:05,68.5333,146.4167,26.92,90,100,10.74
144,Jian,CN,2022-09-27 18:39:06,27.1172,114.9793,73.49,68,0,3.47
145,Tilichiki,RU,2022-09-27 18:39:06,60.4667,166.1,31.21,79,100,4.54
146,Cascavel,BR,2022-09-27 18:39:06,-24.9558,-53.4553,64.0,88,100,5.75
147,Pangnirtung,CA,2022-09-27 18:39:07,66.1451,-65.7125,39.2,65,40,6.51
148,Torbay,CA,2022-09-27 18:35:45,47.6666,-52.7314,74.88,81,75,18.41
149,Antalaha,MG,2022-09-27 18:39:07,-14.9003,50.2788,66.18,86,11,7.87
150,Tasiilaq,GL,2022-09-27 18:39:08,65.6145,-37.6368,37.56,97,100,1.86
151,Vila Velha,BR,2022-09-27 18:39:08,-20.3297,-40.2925,84.15,81,40,18.41
152,Mar Del Plata,AR,2022-09-27 18:39:09,-38.0023,-57.5575,57.22,59,0,19.57
153,Bemidji,US,2022-09-27 18:39:09,47.4736,-94.8803,55.06,49,0,10.36
154,Yellowknife,CA,2022-09-27 18:39:09,62.456,-114.3525,61.32,67,40,9.22
155,Dibulla,CO,2022-09-27 18:39:11,11.2725,-73.3091,86.49,71,99,3.02
156,Presidencia Roque Saenz Pena,AR,2022-09-27 18:39:11,-26.7852,-60.4388,82.94,29,74,14.47
157,Miyako,JP,2022-09-27 18:39:12,39.6367,141.9525,61.59,68,100,9.55
158,Syracuse,IT,2022-09-27 18:39:12,37.0881,15.2792,74.79,60,0,10.74
159,Aguining,PH,2022-09-27 18:39:13,10.0861,124.5944,80.11,79,100,6.22
160,Mazagao,BR,2022-09-27 18:39:13,-0.115,-51.2894,95.05,40,93,5.44
161,Hermanus,ZA,2022-09-27 18:39:13,-34.4187,19.2345,55.8,80,0,2.15
162,Bethel,US,2022-09-27 18:37:02,41.3712,-73.414,71.49,60,75,9.22
163,Souillac,MU,2022-09-27 18:39:14,-20.5167,57.5167,71.98,60,75,10.36
164,Nagar Karnul,IN,2022-09-27 18:39:14,16.4821,78.3247,74.88,84,100,5.61
165,Constitucion,CL,2022-09-27 18:39:15,-35.3333,-72.4167,61.29,59,0,14.94
166,Kieta,PG,2022-09-27 18:39:15,-6.2167,155.6333,78.49,82,94,2.08
167,Norfolk,US,2022-09-27 18:37:51,42.1668,-71.2495,75.13,50,0,16.11
168,Norman Wells,CA,2022-09-27 18:39:16,65.282,-126.8329,42.84,75,20,13.8
169,Qaqortoq,GL,2022-09-27 18:39:17,60.7167,-46.0333,44.6,95,100,1.63
170,Dryden,CA,2022-09-27 18:39:17,49.7833,-92.7503,43.09,56,0,4.61
171,Price,US,2022-09-27 18:39:18,39.5994,-110.8107,72.66,24,0,6.91
172,Trairi,BR,2022-09-27 18:35:25,-3.2778,-39.2689,82.8,63,0,15.48
173,Palu,ID,2022-09-27 18:39:18,-0.8917,119.8707,73.53,93,98,4.16
174,Balkhash,KZ,2022-09-27 18:39:19,46.844,74.9804,60.42,42,100,7.02
175,Miandrivazo,MG,2022-09-27 18:39:19,-19.5167,45.4667,76.8,71,0,4.12
176,Aykhal,RU,2022-09-27 18:39:20,66.0,111.5,16.52,94,100,7.0
177,Kuching,MY,2022-09-27 18:39:20,1.55,110.3333,77.22,100,40,2.3
178,Nuuk,GL,2022-09-27 18:37:32,64.1835,-51.7216,45.21,87,100,27.63
179,Saskylakh,RU,2022-09-27 18:40:21,71.9167,114.0833,23.52,96,88,6.98
180,Kaniama,CD,2022-09-27 18:40:21,-7.5667,24.1833,73.04,69,97,4.0
181,Ilulissat,GL,2022-09-27 18:40:21,69.2167,-51.1,41.02,93,75,2.3
182,Ancud,CL,2022-09-27 18:40:22,-41.8697,-73.8203,59.23,64,0,3.85
183,Oytal,KZ,2022-09-27 18:40:22,42.9057,73.2697,58.62,41,91,1.57
184,Tursunzoda,TJ,2022-09-27 18:40:22,38.5144,68.2333,69.24,24,0,3.96
185,Goba,ET,2022-09-27 18:40:23,7.0167,39.9833,49.08,88,8,4.07
186,Talnakh,RU,2022-09-27 18:40:23,69.4865,88.3972,20.41,83,21,4.68
187,Tamandare,BR,2022-09-27 18:40:23,-8.7597,-35.1047,78.51,58,5,7.96
188,Asau,RO,2022-09-27 18:40:24,46.4333,26.4,61.29,70,96,3.2
189,Baykit,RU,2022-09-27 18:40:24,61.67,96.37,29.17,81,100,3.69
190,Ahipara,NZ,2022-09-27 18:40:24,-35.1667,173.1667,58.48,83,100,11.45
191,Arraial Do Cabo,BR,2022-09-27 18:40:25,-22.9661,-42.0278,80.56,73,40,11.5
192,Kaitangata,NZ,2022-09-27 18:40:26,-46.2817,169.8464,47.62,93,95,4.72
193,Georgetown,MY,2022-09-27 18:40:26,5.4112,100.3354,81.9,89,20,1.14
194,Hyeres,FR,2022-09-27 18:40:27,43.1167,6.1167,66.85,43,0,16.11
195,Eslov,SE,2022-09-27 18:40:27,55.8393,13.3039,52.3,94,100,8.19
196,Vanimo,PG,2022-09-27 18:40:27,-2.6741,141.3028,77.18,86,100,3.29
197,Salisbury,GB,2022-09-27 18:36:58,51.0693,-1.7957,55.69,78,100,9.22
198,Luorong,CN,2022-09-27 18:40:28,24.4058,109.6086,77.7,53,68,5.64
199,Hornepayne,CA,2022-09-27 18:40:28,49.2138,-84.7705,37.36,94,100,10.65
200,Airai,TL,2022-09-27 18:40:28,-8.9266,125.4092,61.05,92,99,1.16
201,Husavik,IS,2022-09-27 18:40:29,66.0449,-17.3389,38.86,68,86,2.19
202,Parrita,CR,2022-09-27 18:40:29,9.5201,-84.3225,81.66,78,100,6.85
203,Acushnet,US,2022-09-27 18:40:29,41.6807,-70.9078,74.71,59,0,17.27
204,Capao Da Canoa,BR,2022-09-27 18:39:33,-29.7456,-50.0097,66.18,73,100,11.97
205,Elizabeth City,US,2022-09-27 18:40:29,36.2946,-76.2511,81.05,41,0,5.99
206,Lamu,KE,2022-09-27 18:40:30,-2.2717,40.902,77.22,84,99,15.05
207,Iskateley,RU,2022-09-27 18:40:30,67.6803,53.1512,29.23,67,6,7.45
208,Unidad,PH,2022-09-27 18:40:30,8.535,126.2306,73.0,97,100,4.52
209,Kutum,SD,2022-09-27 18:40:31,14.2,24.6667,83.39,33,12,7.31
210,Geraldton,AU,2022-09-27 18:37:33,-28.7667,114.6,50.41,87,0,3.44
211,Vestmannaeyjar,IS,2022-09-27 18:40:31,63.4427,-20.2734,47.39,71,75,5.75
212,Cayenne,GF,2022-09-27 18:40:31,4.9333,-52.3333,89.64,55,0,11.5
213,Shingu,JP,2022-09-27 18:40:32,33.7333,135.9833,70.21,90,79,4.59
214,Sao Filipe,CV,2022-09-27 18:40:32,14.8961,-24.4956,77.59,73,78,5.17
215,Majene,ID,2022-09-27 18:40:32,-3.5403,118.9707,76.64,86,37,3.04
216,Rocha,UY,2022-09-27 18:40:32,-34.4833,-54.3333,65.01,62,0,11.14
217,Valdivia,CL,2022-09-27 18:37:25,-39.8142,-73.2459,62.69,46,0,7.49
218,Carutapera,BR,2022-09-27 18:36:36,-1.195,-46.02,85.51,62,43,11.45
219,Saint George,US,2022-09-27 18:39:24,37.1041,-113.5841,87.94,26,20,1.99
220,Guaraciaba Do Norte,BR,2022-09-27 18:40:33,-4.1669,-40.7475,89.38,22,11,6.42
221,Koran,BA,2022-09-27 18:40:33,43.8103,18.5689,49.51,93,40,3.44
222,Raudeberg,NO,2022-09-27 18:40:34,61.9875,5.1352,50.95,37,100,7.02
223,Nanortalik,GL,2022-09-27 18:40:34,60.1432,-45.2371,46.35,92,88,8.52
224,Muhos,FI,2022-09-27 18:40:35,64.808,25.9931,46.18,95,100,5.82
225,Keningau,MY,2022-09-27 18:40:35,5.3378,116.1602,70.34,93,90,1.72
226,Yining,CN,2022-09-27 18:40:35,29.0361,114.5636,68.31,79,0,2.04
227,Homer,US,2022-09-27 18:40:36,59.6425,-151.5483,47.77,86,0,6.91
228,Dublin,US,2022-09-27 18:41:36,37.7021,-121.9358,74.03,64,0,5.75
229,Chifeng,CN,2022-09-27 18:37:50,42.2683,118.9636,61.11,45,1,6.91
230,Atyrau,KZ,2022-09-27 18:41:36,47.1167,51.8833,57.22,67,0,6.71
231,Avera,US,2022-09-27 18:41:37,33.194,-82.5271,80.55,20,16,7.14
232,Matagami,CA,2022-09-27 18:41:37,49.7502,-77.6328,53.71,76,100,18.41
233,Hansot,IN,2022-09-27 18:41:37,21.5833,72.8,80.47,75,4,5.26
234,Charters Towers,AU,2022-09-27 18:41:38,-20.1,146.2667,67.14,88,100,5.57
235,Wanaka,NZ,2022-09-27 18:41:38,-44.7,169.15,46.11,86,87,2.73
236,Pag,HR,2022-09-27 18:41:38,44.445,15.0575,61.38,81,98,6.71
237,Ipixuna,BR,2022-09-27 18:41:39,-1.7625,-48.8043,87.98,55,100,4.5
238,Boksitogorsk,RU,2022-09-27 18:41:39,59.474,33.8485,43.61,96,91,4.18
239,High Level,CA,2022-09-27 18:41:39,58.5169,-117.136,66.31,63,20,5.75
240,Markova,UA,2022-09-27 18:41:40,48.6758,24.4138,49.78,92,75,4.14
241,Tolentino,IT,2022-09-27 18:41:40,43.2126,13.2901,67.48,63,8,5.26
242,Baruun-Urt,MN,2022-09-27 18:41:41,46.6806,113.2792,46.63,58,0,10.02
243,Christchurch,NZ,2022-09-27 18:41:41,-43.5333,172.6333,51.91,89,97,3.44
244,Soure,BR,2022-09-27 18:41:41,-0.7167,-48.5233,84.51,66,98,12.62
245,Winnemucca,US,2022-09-27 18:38:49,40.973,-117.7357,80.65,14,0,4.61
246,Emilio Carranza,MX,2022-09-27 18:41:42,19.9711,-96.6114,84.81,60,4,17.87
247,Sinnamary,GF,2022-09-27 18:41:42,5.3833,-52.95,84.83,66,48,14.07
248,Ostrovnoy,RU,2022-09-27 18:41:42,68.0531,39.5131,38.57,83,100,9.98
249,Sembakung,ID,2022-09-27 18:41:43,3.8167,117.25,72.75,96,100,1.99
250,Wanning,CN,2022-09-27 18:41:43,18.8003,110.3967,79.84,89,100,18.95
251,Zhigalovo,RU,2022-09-27 18:41:44,54.8097,105.1578,27.19,90,38,4.29
252,Lexington Park,US,2022-09-27 18:41:44,38.2668,-76.4538,74.86,34,40,10.36
253,Farah,AF,2022-09-27 18:41:45,32.5,62.5,71.89,16,0,3.38
254,San Patricio,US,2022-09-27 18:41:45,28.017,-97.5169,89.55,24,5,11.61
255,Bogovarovo,RU,2022-09-27 18:41:45,58.9785,47.0246,39.04,92,100,7.43
256,Natchez,US,2022-09-27 18:41:46,31.5604,-91.4032,80.04,26,0,12.66
257,Rayagada,IN,2022-09-27 18:41:46,19.1667,83.4167,75.52,96,53,0.58
258,Vao,NC,2022-09-27 18:41:46,-22.6667,167.4833,73.89,79,3,12.55
259,Port Augusta,AU,2022-09-27 18:41:46,-32.5,137.7667,48.0,91,32,8.21
260,Bara,NG,2022-09-27 18:41:47,10.3744,10.7288,74.01,87,74,2.71
261,Sorong,ID,2022-09-27 18:41:47,-0.8833,131.25,79.41,84,100,9.48
262,Cherskiy,RU,2022-09-27 18:41:48,68.75,161.3,22.87,83,8,4.21
263,Mananara,MG,2022-09-27 18:38:23,-16.1667,49.7667,65.64,87,0,5.44
264,Pisco,PE,2022-09-27 18:41:48,-13.7,-76.2167,68.05,60,0,18.41
265,Sept-Iles,CA,2022-09-27 18:41:49,50.2001,-66.3821,52.32,93,100,5.99
266,Jodhpur,IN,2022-09-27 18:40:49,26.2867,73.03,84.83,47,4,8.86
267,Japura,ID,2022-09-27 18:41:49,-0.3167,102.35,73.36,96,100,0.36
268,Komsomolskiy,UZ,2022-09-27 18:41:49,40.4272,71.7189,65.12,52,0,4.61
269,Nizhniy Tsasuchey,RU,2022-09-27 18:41:50,50.5167,115.1333,41.63,49,85,9.33
270,Pevek,RU,2022-09-27 18:41:50,69.7008,170.3133,27.79,78,93,4.03
271,Port Hawkesbury,CA,2022-09-27 18:41:50,45.6169,-61.3485,66.78,99,100,9.22
272,Katima Mulilo,NA,2022-09-27 18:41:51,-17.5,24.2667,80.37,18,30,9.71
273,Sawakin,SD,2022-09-27 18:41:51,19.1059,37.3321,87.13,67,0,7.31
274,Sambava,MG,2022-09-27 18:41:52,-14.2667,50.1667,67.59,88,12,11.5
275,Labuhan,ID,2022-09-27 18:41:53,-6.8844,112.2051,76.55,77,23,8.7
276,Khatanga,RU,2022-09-27 18:42:53,71.9667,102.5,20.88,91,100,5.44
277,Dargaville,NZ,2022-09-27 18:42:53,-35.9333,173.8833,55.31,85,99,7.7
278,Paamiut,GL,2022-09-27 18:42:54,61.994,-49.6678,42.69,94,100,17.72
279,Shalya,RU,2022-09-27 18:42:54,57.2471,58.7298,20.32,96,100,2.91
280,Ambilobe,MG,2022-09-27 18:42:54,-13.2,49.05,69.08,67,0,4.9
281,Mhlambanyatsi,SZ,2022-09-27 18:42:56,-26.45,31.0167,60.51,85,2,3.2
282,Garissa,KE,2022-09-27 18:42:56,-0.4536,39.6401,78.71,57,3,22.24
283,Zolotkovo,RU,2022-09-27 18:42:58,55.5281,41.1053,46.26,93,100,10.85
284,Bilma,NE,2022-09-27 18:42:59,18.6853,12.9164,95.16,12,62,5.73
285,Sombrerete,MX,2022-09-27 18:43:00,23.6333,-103.65,64.4,54,71,13.8
286,Changli,CN,2022-09-27 18:39:16,39.7042,119.1506,61.9,74,100,2.93
287,Aguimes,ES,2022-09-27 18:43:00,27.9054,-15.4461,72.66,68,20,19.57
288,Hambantota,LK,2022-09-27 18:43:01,6.1241,81.1185,78.62,84,98,14.2
289,Kilindoni,TZ,2022-09-27 18:43:02,-7.9139,39.6668,76.17,70,8,12.35
290,Maniitsoq,GL,2022-09-27 18:43:02,65.4167,-52.9,43.48,86,100,11.97
291,Mitsamiouli,KM,2022-09-27 18:43:03,-11.3847,43.2844,75.87,75,0,5.44
292,Deep River,CA,2022-09-27 18:41:55,46.1001,-77.4995,58.75,91,100,6.71
293,Itoman,JP,2022-09-27 18:43:03,26.1247,127.6694,80.62,83,5,2.3
294,Alta Floresta,BR,2022-09-27 18:43:04,-9.8756,-56.0861,94.82,38,75,5.75
295,Romny,UA,2022-09-27 18:43:04,50.751,33.4747,52.84,97,85,6.11
296,Santa Vitoria Do Palmar,BR,2022-09-27 18:43:04,-33.5189,-53.3681,64.51,61,25,13.35
297,Mareeba,AU,2022-09-27 18:43:05,-17.0,145.4333,68.72,91,20,2.75
298,Berlevag,NO,2022-09-27 18:43:05,70.8578,29.0864,48.15,81,100,11.5
299,Grindavik,IS,2022-09-27 18:43:05,63.8424,-22.4338,48.15,66,0,6.91
300,Belle Fourche,US,2022-09-27 18:43:06,44.6714,-103.8522,79.5,30,5,11.52
301,Longyearbyen,SJ,2022-09-27 18:43:06,78.2186,15.6401,37.24,87,75,1.14
302,Jining,CN,2022-09-27 18:43:07,35.405,116.5814,65.1,56,100,5.35
303,Kampot,KH,2022-09-27 18:43:07,10.6167,104.1833,77.05,90,100,12.39
304,Birin,NP,2022-09-27 18:43:08,26.8865,88.0718,60.51,89,23,4.05
305,Sirsa,IN,2022-09-27 18:43:08,29.5333,75.0167,79.61,66,3,6.93
306,Zacualpan,MX,2022-09-27 18:43:09,21.25,-105.1667,88.86,64,8,8.7
307,Coquimbo,CL,2022-09-27 18:43:09,-29.9533,-71.3436,58.73,72,40,10.36
308,Cabo San Lucas,MX,2022-09-27 18:43:10,22.8909,-109.9124,94.6,67,0,4.0
309,Kibaya,TZ,2022-09-27 18:43:10,-5.3,36.5667,60.87,72,11,9.26
310,Luderitz,NA,2022-09-27 18:43:10,-26.6481,15.1594,57.33,69,1,14.18
311,Muros,ES,2022-09-27 18:43:11,42.7762,-9.0603,65.84,76,8,8.66
312,Snejbjerg,DK,2022-09-27 18:43:11,56.1387,8.899,49.51,92,100,7.4
313,Sakakah,SA,2022-09-27 18:43:11,29.9697,40.2064,87.37,17,0,11.39
314,Aragarcas,BR,2022-09-27 18:43:12,-15.8975,-52.2508,90.25,51,75,6.91
315,Tazmalt,DZ,2022-09-27 18:43:12,36.3868,4.3989,68.68,58,45,6.13
316,Xining,CN,2022-09-27 18:43:13,36.6167,101.7667,46.83,82,9,2.95
317,Meulaboh,ID,2022-09-27 18:43:14,4.1363,96.1285,73.53,95,100,4.88
318,Iqaluit,CA,2022-09-27 18:43:14,63.7506,-68.5145,38.93,60,75,20.71
319,Huarmey,PE,2022-09-27 18:43:15,-10.0681,-78.1522,68.31,68,72,13.85
320,Ilebo,CD,2022-09-27 18:43:16,-4.3167,20.5833,73.36,92,96,2.39
321,Saint-Joseph,RE,2022-09-27 18:44:16,-21.3667,55.6167,70.18,74,19,11.18
322,Labuan,MY,2022-09-27 18:44:16,5.2767,115.2417,77.36,88,20,2.3
323,Qinggang,CN,2022-09-27 18:44:17,46.6833,126.0833,60.17,79,99,8.08
324,Ilhabela,BR,2022-09-27 18:44:17,-23.7781,-45.3581,70.05,89,100,3.53
325,Launceston,AU,2022-09-27 18:43:06,-41.45,147.1667,43.16,93,39,4.61
326,Drayton Valley,CA,2022-09-27 18:44:17,53.2168,-114.9854,73.4,38,0,5.23
327,Amahai,ID,2022-09-27 18:44:18,-3.3333,128.9167,77.05,86,100,3.53
328,Yar-Sale,RU,2022-09-27 18:44:18,66.8333,70.8333,28.72,80,97,10.02
329,Ahuimanu,US,2022-09-27 18:44:19,21.4447,-157.8378,82.17,69,40,9.22
330,Chibombo,ZM,2022-09-27 18:44:19,-14.6569,28.0706,76.44,23,27,10.74
331,Wamba,NG,2022-09-27 18:44:20,8.9333,8.6,73.09,93,100,2.04
332,Abreus,CU,2022-09-27 18:44:20,22.2775,-80.5675,84.51,88,100,19.42
333,Junin,AR,2022-09-27 18:44:20,-34.5838,-60.9433,80.89,21,80,8.39
334,Kokopo,PG,2022-09-27 18:44:21,-4.352,152.2633,75.74,82,81,3.47
335,Moundou,TD,2022-09-27 18:44:21,8.5667,16.0833,69.66,96,100,4.09
336,Manuk Mangkaw,PH,2022-09-27 18:44:22,4.8,119.85,83.62,72,100,6.58
337,Katiola,CI,2022-09-27 18:44:22,8.1333,-5.1,73.27,93,70,3.91
338,Cascais,PT,2022-09-27 18:39:37,38.6979,-9.4215,71.62,88,20,25.99
339,Nome,US,2022-09-27 18:44:22,64.5011,-165.4064,35.67,93,0,5.75
340,Borogontsy,RU,2022-09-27 18:44:23,62.6683,131.1683,31.33,93,100,3.36
341,Guapore,BR,2022-09-27 18:44:23,-28.8456,-51.8903,71.71,55,100,4.88
342,Warmbad,NA,2022-09-27 18:44:23,-28.45,18.7333,66.52,25,0,7.05
343,Beloha,MG,2022-09-27 18:44:24,-25.1667,45.05,69.08,86,0,7.72
344,Sinop,TR,2022-09-27 18:44:24,41.7711,34.8709,61.84,40,94,3.36
345,Qaracala,AZ,2022-09-27 18:44:24,39.8132,48.9523,68.65,72,0,4.56
346,Baghdad,IQ,2022-09-27 18:44:25,33.3406,44.4009,76.91,20,0,2.3
347,Salalah,OM,2022-09-27 18:44:25,17.0151,54.0924,80.69,83,75,6.91
348,Kaka,TM,2022-09-27 18:44:25,37.3482,59.6143,70.21,29,0,6.02
349,Ucar,AZ,2022-09-27 18:44:26,40.519,47.6542,64.58,65,10,8.25
350,Senneterre,CA,2022-09-27 18:44:26,48.3835,-77.2328,50.81,93,100,8.97
351,Padang,ID,2022-09-27 18:44:27,-0.9492,100.3543,75.43,89,48,3.74
352,Hasaki,JP,2022-09-27 18:44:27,35.7333,140.8333,66.6,68,100,18.05
353,Broken Hill,AU,2022-09-27 18:44:27,-31.95,141.4333,45.81,90,0,16.73
354,Mandalgovi,MN,2022-09-27 18:44:28,45.7625,106.2708,55.47,25,88,7.4
355,Clyde River,CA,2022-09-27 18:44:28,70.4692,-68.5914,37.63,65,20,8.05
356,Surovikino,RU,2022-09-27 18:44:29,48.6078,42.8486,64.94,64,100,14.03
357,Kwinana,AU,2022-09-27 18:44:29,-32.25,115.7667,56.8,87,0,8.86
358,Bay Roberts,CA,2022-09-27 18:44:02,47.5999,-53.2648,75.65,83,100,5.99
359,Okhotsk,RU,2022-09-27 18:44:29,59.3833,143.3,39.0,70,100,8.66
360,Mlonggo,ID,2022-09-27 18:44:30,-6.5333,110.7,77.23,73,53,7.9
361,Santa Maria,BR,2022-09-27 18:44:30,-29.6842,-53.8069,76.3,36,20,4.61
362,Pontianak,ID,2022-09-27 18:44:30,-0.0333,109.3333,76.98,100,75,2.3
363,Nemuro,JP,2022-09-27 18:44:31,43.3236,145.575,61.81,81,100,2.37
364,Kurilsk,RU,2022-09-27 18:44:31,45.2333,147.8833,57.2,84,100,3.22
365,Sandnessjoen,NO,2022-09-27 18:40:17,66.0217,12.6316,55.51,65,75,14.97
366,Catamarca,AR,2022-09-27 18:44:31,-28.4696,-65.7852,66.06,55,97,10.96
367,Emerald,AU,2022-09-27 18:45:32,-23.5333,148.1667,65.34,85,100,7.25
368,Fastovetskaya,RU,2022-09-27 18:45:32,45.9189,40.1589,66.99,49,100,6.91
369,Vagur,FO,2022-09-27 18:45:32,61.4732,-6.8119,49.96,86,18,12.37
370,San Cristobal,VE,2022-09-27 18:45:33,7.7669,-72.225,82.58,41,98,5.32
371,Usinsk,RU,2022-09-27 18:45:33,65.9939,57.5281,28.47,65,7,7.58
372,Dubbo,AU,2022-09-27 18:45:34,-32.25,148.6167,42.93,93,2,0.0
373,Nizhniy Kuranakh,RU,2022-09-27 18:45:34,58.8353,125.4869,28.06,78,100,2.75
374,Oda,JP,2022-09-27 18:45:34,35.1833,132.5,66.4,90,100,7.38
375,Kirya,TZ,2022-09-27 18:45:35,-3.9167,37.4833,73.78,58,3,13.82
376,Sur,OM,2022-09-27 18:45:35,22.5667,59.5289,81.18,74,2,14.99
377,Moratuwa,LK,2022-09-27 18:45:36,6.773,79.8816,82.42,88,98,8.37
378,Bubaque,GW,2022-09-27 18:45:36,11.2833,-15.8333,80.74,75,60,6.26
379,Traverse City,US,2022-09-27 18:41:40,44.7631,-85.6206,55.51,86,100,13.8
380,Fortuna,US,2022-09-27 18:45:36,40.5982,-124.1573,55.74,59,100,6.6
381,Vyartsilya,RU,2022-09-27 18:45:37,62.1764,30.693,47.61,100,100,3.65
382,Taki,IN,2022-09-27 18:45:37,22.5861,88.9214,84.15,90,100,3.56
383,Poronaysk,RU,2022-09-27 18:45:37,49.2167,143.1167,46.92,67,0,6.64
384,Te Anau,NZ,2022-09-27 18:45:38,-45.4167,167.7167,46.38,91,84,1.28
385,Marystown,CA,2022-09-27 18:45:38,47.1666,-55.1483,64.85,100,100,5.01
386,Severo-Kurilsk,RU,2022-09-27 18:45:39,50.6789,156.125,48.31,79,24,16.33
387,Topolobampo,MX,2022-09-27 18:45:40,25.6,-109.05,90.93,60,5,6.2
388,Acarau,BR,2022-09-27 18:45:40,-2.8856,-40.12,83.5,65,0,20.85
389,Cervo,ES,2022-09-27 18:45:40,43.6702,-7.4101,61.97,85,97,12.41
390,Suntar,RU,2022-09-27 18:45:41,62.1444,117.6319,27.64,91,94,3.22
391,Mildura,AU,2022-09-27 18:45:41,-34.2,142.15,51.08,87,88,18.41
392,Walvis Bay,NA,2022-09-27 18:45:41,-22.9575,14.5053,61.75,67,87,4.61
393,Pacific Grove,US,2022-09-27 18:41:13,36.6177,-121.9166,70.81,84,20,11.99
394,Atar,MR,2022-09-27 18:45:42,20.5169,-13.0499,99.81,24,59,2.24
395,Sendafa,ET,2022-09-27 18:45:42,9.15,39.0333,63.75,83,20,5.5
396,Samarai,PG,2022-09-27 18:45:43,-10.6167,150.6667,80.98,81,100,7.63
397,Avarua,CK,2022-09-27 18:45:43,-21.2078,-159.775,78.85,89,75,4.61
398,Roma,US,2022-09-27 18:45:22,43.2128,-75.4557,61.66,93,100,1.01
399,Kandrian,PG,2022-09-27 18:45:44,-6.2167,149.55,76.57,86,100,3.65
400,Bowen,AU,2022-09-27 18:45:44,-20.0167,148.2333,68.04,85,6,8.08
401,Dudinka,RU,2022-09-27 18:45:44,69.4058,86.1778,22.12,90,24,7.47
402,Fairbanks,US,2022-09-27 18:44:07,64.8378,-147.7164,39.6,95,100,3.44
403,Beringovskiy,RU,2022-09-27 18:45:45,63.05,179.3167,31.44,81,91,12.33
404,Pimentel,PE,2022-09-27 18:45:45,-6.8367,-79.9342,70.09,60,0,17.27
405,Zharkent,KZ,2022-09-27 18:41:22,44.1628,80.0,61.23,41,88,1.32
406,Warman,CA,2022-09-27 18:45:45,52.3168,-106.5679,73.09,33,40,16.11
407,Akdepe,TM,2022-09-27 18:45:46,42.0551,59.3788,62.69,40,100,8.81
408,Caravelas,BR,2022-09-27 18:45:46,-17.7125,-39.2481,78.66,68,0,9.78
409,Petawawa,CA,2022-09-27 18:45:27,45.9001,-77.3328,58.59,91,75,9.22
410,Mackay,AU,2022-09-27 18:44:41,-21.15,149.2,67.68,84,100,7.63
411,Saint-Francois,FR,2022-09-27 18:45:46,46.4154,3.9054,54.84,71,0,4.61
412,Kawalu,ID,2022-09-27 18:45:47,-7.3817,108.2082,69.64,91,100,0.89
413,Shamkhal,RU,2022-09-27 18:45:47,43.0596,47.3373,60.78,83,100,13.49
414,Paso De Carrasco,UY,2022-09-27 18:45:47,-34.8603,-56.0522,70.25,61,20,11.5
415,Teahupoo,PF,2022-09-27 18:46:48,-17.8333,-149.2667,75.16,80,16,16.17
416,La Palma,US,2022-09-27 18:46:48,33.8464,-118.0467,102.81,54,20,8.05
417,Tari,NG,2022-09-27 18:46:48,12.4086,4.4914,82.98,65,12,7.43
418,Otukpo,NG,2022-09-27 18:46:49,7.1913,8.1329,73.83,93,100,5.17
419,Tezu,IN,2022-09-27 18:46:49,27.9167,96.1667,74.01,84,16,2.98
420,Nizwa,OM,2022-09-27 18:46:49,22.9333,57.5333,82.33,47,0,6.91
421,New London,US,2022-09-27 18:46:50,41.4834,-72.0662,72.48,52,0,12.66
422,Bonavista,CA,2022-09-27 18:46:50,48.6499,-53.1147,64.11,89,100,16.78
423,Coolum Beach,AU,2022-09-27 18:46:50,-26.5333,153.1,63.1,96,100,7.16
424,Srednekolymsk,RU,2022-09-27 18:46:51,67.45,153.6833,25.25,79,74,10.27
425,Muyezerskiy,RU,2022-09-27 18:46:51,63.9333,31.65,42.58,97,100,5.77
426,Jinka,ET,2022-09-27 18:46:51,5.65,36.65,67.05,59,7,4.03
427,Codrington,AU,2022-09-27 18:46:52,-38.2667,141.9667,52.03,88,99,13.18
428,Camacha,PT,2022-09-27 18:46:52,33.0833,-16.3333,69.22,60,40,14.97
429,Makinsk,KZ,2022-09-27 18:46:52,52.6292,70.4169,32.74,82,100,11.97
430,Andenes,NO,2022-09-27 18:46:53,69.3143,16.1194,44.92,87,0,3.44
431,Kjollefjord,NO,2022-09-27 18:46:54,70.9457,27.3465,48.25,87,75,10.36
432,Visnes,NO,2022-09-27 18:46:54,59.3556,5.2242,52.21,87,40,9.22
433,Quatre Cocos,MU,2022-09-27 18:46:55,-20.2078,57.7625,71.71,69,92,16.17
434,Boyolangu,ID,2022-09-27 18:46:55,-8.1181,111.8935,73.15,87,59,3.74
435,Abha,SA,2022-09-27 18:42:14,18.2164,42.5053,70.05,16,0,12.66
436,Pudozh,RU,2022-09-27 18:46:55,61.8099,36.5345,43.97,94,100,5.84
437,Guerrero Negro,MX,2022-09-27 18:43:03,27.9769,-114.0611,86.41,48,5,4.7
438,Jibuti,DJ,2022-09-27 18:46:56,11.5,42.5,87.46,39,0,3.24
439,Ostrovtsy,RU,2022-09-27 18:46:56,55.5939,37.9936,49.06,81,0,8.95
440,Hofn,IS,2022-09-27 18:46:57,64.2539,-15.2082,45.82,67,30,1.39
441,Mata,PT,2022-09-27 18:46:57,40.683,-7.4592,64.6,55,5,4.54
442,Neiafu,TO,2022-09-27 18:46:57,-18.65,-173.9833,75.88,94,75,4.61
443,Ust-Barguzin,RU,2022-09-27 18:46:58,53.45,108.9833,32.09,74,56,5.28
444,Kapit,MY,2022-09-27 18:46:58,2.0167,112.9333,72.73,98,98,0.51
445,Luanda,AO,2022-09-27 18:44:02,-8.8368,13.2343,72.39,85,100,12.59
446,Kangaatsiaq,GL,2022-09-27 18:46:58,68.3065,-53.4641,40.8,94,100,5.41
447,Port-Cartier,CA,2022-09-27 18:46:59,50.0334,-66.8654,52.02,89,100,2.46
448,Sola,VU,2022-09-27 18:46:59,-13.8833,167.55,72.27,83,20,0.0
449,Umea,SE,2022-09-27 18:46:59,63.8284,20.2597,48.13,93,0,5.75
450,Dong Hoi,VN,2022-09-27 18:47:00,17.4833,106.6,78.73,95,100,25.12
451,Udala,ES,2022-09-27 18:47:00,43.0778,-2.5125,58.59,90,85,5.55
452,Poum,NC,2022-09-27 18:47:00,-20.2333,164.0167,75.87,80,15,12.53
453,North Bend,US,2022-09-27 18:42:45,43.4065,-124.2243,57.85,94,100,4.61
454,Ola,RU,2022-09-27 18:45:59,59.5833,151.2833,35.15,81,100,20.6
455,Warwick,US,2022-09-27 18:47:01,41.7001,-71.4162,74.39,47,20,25.32
456,Pachino,IT,2022-09-27 18:47:01,36.7186,15.0907,72.79,68,0,18.59
457,Hirara,JP,2022-09-27 18:47:02,24.8,125.2833,81.77,80,11,9.46
458,Shirokiy,RU,2022-09-27 18:47:02,49.758,129.523,49.46,61,100,12.01
459,Necochea,AR,2022-09-27 18:48:02,-38.5473,-58.7368,54.63,46,0,12.08
460,Vidalia,US,2022-09-27 18:48:03,32.2177,-82.4135,78.75,34,0,5.75
461,Scarborough,GB,2022-09-27 18:48:03,54.2797,-0.4044,47.79,84,100,9.33
462,Axim,GH,2022-09-27 18:48:03,4.8699,-2.2405,76.01,89,55,7.27
463,Ubrique,ES,2022-09-27 18:48:04,36.6778,-5.446,65.88,47,0,3.09
464,Khasan,RU,2022-09-27 18:48:04,42.4308,130.6434,59.09,89,2,1.95
465,Yerbogachen,RU,2022-09-27 18:48:04,61.2767,108.0108,26.6,99,91,1.54
466,Varkkallai,IN,2022-09-27 18:48:05,8.7341,76.7067,80.38,91,9,7.49
467,Torbat-E Jam,IR,2022-09-27 18:48:05,35.244,60.6225,64.81,33,0,10.04
468,Maceio,BR,2022-09-27 18:44:21,-9.6658,-35.7353,83.64,51,0,11.5
469,Selaphum,TH,2022-09-27 18:48:08,16.0299,103.9383,74.86,90,100,4.21
470,Natal,BR,2022-09-27 18:46:04,-5.795,-35.2094,86.22,54,0,23.02
471,Benghazi,LY,2022-09-27 18:48:08,32.1167,20.0667,83.84,54,11,6.35
472,Calamar,CO,2022-09-27 18:48:09,10.2511,-74.9146,86.76,71,100,8.43
473,Bilibino,RU,2022-09-27 18:48:09,68.0546,166.4372,15.98,92,16,4.27
474,Ponferrada,ES,2022-09-27 18:48:10,42.5466,-6.5962,55.0,90,61,4.74
475,Castelbuono,IT,2022-09-27 18:48:10,37.932,14.0886,68.07,74,13,2.15
476,Shengjin,AL,2022-09-27 18:48:10,41.8136,19.5939,65.71,85,42,3.27
477,Lae,PG,2022-09-27 18:48:11,-6.7221,146.9847,74.75,81,100,6.89
478,Isangel,VU,2022-09-27 18:48:12,-19.55,169.2667,71.71,94,2,4.61
479,Port Lincoln,AU,2022-09-27 18:48:12,-34.7333,135.8667,52.47,67,100,10.22
480,Weatherford,US,2022-09-27 18:43:58,32.7593,-97.7972,88.54,24,0,1.99
481,Freeport,US,2022-09-27 18:48:13,40.6576,-73.5832,73.31,48,0,17.27
482,Mbandaka,CD,2022-09-27 18:48:13,0.0487,18.2603,71.38,96,96,3.29
483,Pyay,MM,2022-09-27 18:48:13,18.8167,95.2167,74.25,97,17,1.88
484,Tiarei,PF,2022-09-27 18:48:14,-17.5333,-149.3333,80.62,79,7,14.65
485,The Valley,AI,2022-09-27 18:48:14,18.217,-63.0578,87.66,66,20,14.97
486,Evensk,RU,2022-09-27 18:48:14,61.95,159.2333,35.17,77,100,7.99
487,Huautla,MX,2022-09-27 18:48:15,21.0333,-98.2833,77.58,68,56,10.0
488,Gat,IL,2022-09-27 18:48:15,31.61,34.7642,82.4,32,0,5.77
489,Ndola,ZM,2022-09-27 18:48:15,-12.9587,28.6366,76.21,28,14,10.04
490,Olafsvik,IS,2022-09-27 18:48:15,64.8945,-23.7142,43.18,63,93,7.99
491,Roald,NO,2022-09-27 18:48:16,62.5833,6.1333,58.33,62,0,12.66
492,Acapulco,MX,2022-09-27 18:44:21,16.8634,-99.8901,83.53,72,73,3.56
493,Kruisfontein,ZA,2022-09-27 18:48:16,-34.0033,24.7314,63.88,95,100,14.81
494,Manoel Urbano,BR,2022-09-27 18:48:17,-8.8389,-69.2597,99.57,26,100,3.62
495,Pahrump,US,2022-09-27 18:45:27,36.2083,-115.9839,95.25,12,39,1.99
496,West Bay,KY,2022-09-27 18:48:17,19.3667,-81.4167,88.07,77,40,14.97
497,Aberdeen,GB,2022-09-27 18:48:17,57.1437,-2.0981,47.53,94,7,9.22
498,Biloela,AU,2022-09-27 18:48:18,-24.4167,150.5,63.64,88,100,2.13
499,Udachnyy,RU,2022-09-27 18:48:18,66.4167,112.4,23.45,85,100,12.86
500,Savannah Bight,HN,2022-09-27 18:48:18,16.45,-85.85,83.57,74,27,17.29
501,Somerset West,ZA,2022-09-27 18:48:19,-34.084,18.8211,61.07,70,3,3.0
502,Andujar,ES,2022-09-27 18:49:19,38.0392,-4.0508,74.71,26,0,4.72
503,Kavieng,PG,2022-09-27 18:49:19,-2.5744,150.7967,81.63,71,76,13.18
504,Vagay,RU,2022-09-27 18:49:20,57.9375,69.0217,29.07,76,100,5.86
505,Chai Badan,TH,2022-09-27 18:49:20,15.2,101.1333,75.29,93,100,2.59
506,Wattegama,LK,2022-09-27 18:49:20,6.7989,81.4808,75.76,87,98,3.33
507,Port-Gentil,GA,2022-09-27 18:49:21,-0.7193,8.7815,76.96,88,75,9.22
508,Sassandra,CI,2022-09-27 18:49:21,4.95,-6.0833,74.43,95,23,6.55
509,Brae,GB,2022-09-27 18:49:21,60.3964,-1.353,50.88,88,88,14.14
510,Marzuq,YE,2022-09-27 18:49:22,14.4,46.4667,79.03,39,1,2.93
511,Rio Grande,BR,2022-09-27 18:44:35,-32.035,-52.0986,75.31,76,0,15.35
512,Verkhnevilyuysk,RU,2022-09-27 18:49:22,63.4453,120.3167,23.36,93,32,4.79
513,Sioux Lookout,CA,2022-09-27 18:49:22,50.1001,-91.917,42.87,56,20,10.36
514,East London,ZA,2022-09-27 18:49:23,-33.0153,27.9116,67.14,94,100,14.97
515,Galle,LK,2022-09-27 18:49:23,6.0367,80.217,79.14,84,79,11.63
516,Sedan,FR,2022-09-27 18:49:23,49.6667,5.0,49.71,95,88,8.12
517,Ngunguru,NZ,2022-09-27 18:49:24,-35.6167,174.5,58.98,73,100,13.91
518,Santa Ines,BR,2022-09-27 18:49:24,-3.6667,-45.38,88.66,49,84,4.9
519,Iwakuni,JP,2022-09-27 18:49:24,34.15,132.1833,69.28,78,75,6.91
520,Batsfjord,NO,2022-09-27 18:49:24,70.6345,29.7185,48.13,93,75,2.3
521,Chemodanovka,RU,2022-09-27 18:49:25,53.2316,45.2474,47.86,92,100,11.32
522,Poso,ID,2022-09-27 18:49:25,-1.3959,120.7524,76.28,80,84,4.74
523,Makubetsu,JP,2022-09-27 18:49:25,45.3714,141.8211,58.33,84,100,9.22
524,Belyy Yar,RU,2022-09-27 18:49:26,53.6039,91.3903,48.09,77,0,15.66
525,Itarema,BR,2022-09-27 18:49:27,-2.9248,-39.9167,82.98,64,0,19.51
526,Omaruru,NA,2022-09-27 18:49:27,-21.4333,15.9333,73.36,10,6,7.2
527,Tsabong,BW,2022-09-27 18:49:28,-26.0217,22.401,80.26,21,100,11.83
528,Arman,RU,2022-09-27 18:49:28,59.7,150.1667,35.02,73,100,10.87
529,Monfalcone,IT,2022-09-27 18:49:28,45.8072,13.5342,62.6,85,100,4.61
530,Waipawa,NZ,2022-09-27 18:49:29,-41.4122,175.5153,46.15,80,42,5.23
531,Bonthe,SL,2022-09-27 18:49:29,7.5264,-12.505,77.11,86,92,6.17
532,Suamico,US,2022-09-27 18:49:29,44.6319,-88.0393,55.69,60,100,19.57
533,Burnie,AU,2022-09-27 18:49:30,-41.0667,145.9167,51.55,92,95,3.91
534,Moyale,KE,2022-09-27 18:49:30,3.5167,39.0584,76.68,40,100,6.17
535,Kidodi,TZ,2022-09-27 18:49:33,-7.6036,37.0044,72.63,65,20,0.98
536,Yenagoa,NG,2022-09-27 18:49:33,4.9247,6.2642,73.11,97,100,4.34
537,Berdigestyakh,RU,2022-09-27 18:49:34,62.0989,126.6992,28.99,84,100,9.33
538,Russell,US,2022-09-27 18:49:34,32.3502,-85.1999,79.88,24,0,12.66
539,Porbandar,IN,2022-09-27 18:49:34,21.6422,69.6093,80.71,73,5,8.21
540,Wageningen,NL,2022-09-27 18:49:34,51.9667,5.6667,49.1,93,75,4.61
541,Whitianga,NZ,2022-09-27 18:49:35,-36.8333,175.7,55.78,80,100,8.08
542,Bosaso,SO,2022-09-27 18:49:35,11.2842,49.1816,87.91,55,59,3.58
543,Jambi,ID,2022-09-27 18:49:36,-1.6,103.6167,74.08,85,80,1.34
544,Olinda,BR,2022-09-27 18:49:36,-8.0089,-34.8553,82.13,54,40,14.97
545,Nuevo Progreso,MX,2022-09-27 18:49:36,23.1667,-97.95,87.48,60,39,4.0
546,Coari,BR,2022-09-27 18:49:36,-4.085,-63.1414,91.15,46,100,2.28
